user_input,retrieved_contexts,response,reference,faithfulness,answer_relevancy,context_precision,context_recall
What is the Transformer architecture?,"['Figure 1: The Transformer - model architecture. The Transformer follows this overall architecture using stacked self-attention and point-wise, fully connected layers for both the encoder and decoder, shown in the left and right halves of Figure 1, respectively. 3.1 Encoder and Decoder Stacks Encoder: The encoder is composed of a stack of N = 6 identical layers. Each layer has two sub-layers. The first is a multi-head self-attention mechanism, and the second is a simple, position- wise fully connected feed-forward network. We employ a residual connection [11] around each of the two sub-layers, followed by layer normalization [1]. That is, the output of each sub-layer is LayerNorm(x + Sublayer(x)), where Sublayer(x) is the function implemented by the sub-layer itself. To facilitate these residual connections, all sub-layers in the model, as well as the embedding layers, produce outputs of dimension dmodel = 512. Decoder: The decoder is also composed of a stack of N = 6 identical layers. In addition to the two sub-layers in each encoder layer, the decoder inserts a third sub-layer, which performs multi-head attention over the output of the encoder stack. Similar to the encoder, we employ residual connections around each of the sub-layers, followed by layer normalization. We also modify the self-attention sub-layer in the decoder stack to prevent positions from attending to subsequent positions. This masking, combined with fact that the output embeddings are offset by one position, ensures that the predictions for position i can depend only on the known outputs at positions less than i. 3.2 Attention An attention function can be described as mapping a query and a set of key-value pairs to an output, where the query, keys, values, and output are all vectors. The output is computed as a weighted sum', 'Table 3: Variations on the Transformer architecture. Unlisted values are identical to those of the base model. All metrics are on the English-to-German translation development set, newstest2013. Listed perplexities are per-wordpiece, according to our byte-pair encoding, and should not be compared to per-word perplexities. train PPL BLEU params N dmodel dff h dk dv Pdrop ϵls steps (dev) (dev) ×106 base 6 512 2048 8 64 64 0.1 0.1 100K 4.92 25.8 651 512 512 5.29 24.9 4 128 128 5.00 25.5 16 32 32 4.91 25.8 32 16 16 5.01 25.4(A) 16 5.16 25.1 58 (B) 32 5.01 25.4 60 6.11 23.7 36 5.19 25.3 50 4.88 25.5 80 256 32 32 5.75 24.5 28 1024 128 128 4.66 26.0 168 1024 5.12 25.4 53 4096 4.75 26.2 90(C) 0.0 5.77 24.6 0.2 4.95 25.5 (D) 0.0 4.67 25.3 0.2 5.47 25.7 (E) positional embedding instead of sinusoids 4.92 25.7 big 6 1024 4096 16 0.3 300K 4.33 26.4 213 development set, newstest2013. We used beam search as described in the previous section, but no checkpoint averaging. We present these results in Table 3.', 'Table 4: The Transformer generalizes well to English constituency parsing (Results are on Section 23 of WSJ) Parser Training WSJ 23 F1 Vinyals & Kaiser el al. (2014) [37] WSJ only, discriminative 88.3 Petrov et al. (2006) [29] WSJ only, discriminative 90.4 Zhu et al. (2013) [40] WSJ only, discriminative 90.4 Dyer et al. (2016) [8] WSJ only, discriminative 91.7 Transformer (4 layers) WSJ only, discriminative 91.3 Zhu et al. (2013) [40] semi-supervised 91.3 Huang & Harper (2009) [14] semi-supervised 91.3 McClosky et al. (2006) [26] semi-supervised 92.1 Vinyals & Kaiser el al. (2014) [37] semi-supervised 92.1 Transformer (4 layers) semi-supervised 92.7 Luong et al. (2015) [23] multi-task 93.0 Dyer et al. (2016) [8] generative 93.3 increased the maximum output length to input length + 300. We used a beam size of 21 and α = 0.3 for both WSJ only and the semi-supervised setting. Our results in Table 4 show that despite the lack of task-specific tuning our model performs sur- prisingly well, yielding better results than all previously reported models with the exception of the Recurrent Neural Network Grammar [8]. In contrast to RNN sequence-to-sequence models [37], the Transformer outperforms the Berkeley- Parser [29] even when training only on the WSJ training set of 40K sentences. 7 Conclusion In this work, we presented the Transformer, the first sequence transduction model based entirely on attention, replacing the recurrent layers most commonly used in encoder-decoder architectures with multi-headed self-attention. For translation tasks, the Transformer can be trained significantly faster than architectures based on recurrent or convolutional layers. On both WMT 2014 English-to-German and WMT 2014 English-to-French translation tasks, we achieve a new state of the art.']","The Transformer is a sequence transduction model architecture based entirely on self-attention mechanisms, completely dispensing with recurrence and convolutions to compute representations of its input and output. The model's overall structure relies on an encoder-decoder framework using stacked self-attention and point-wise, fully connected layers. Both the encoder and decoder are composed of stacks of N = 6 identical layers. These layers utilize multi-head attention mechanisms, position-wise fully connected feed-forward networks, residual connections, and layer normalization.

[Source: Attention Is All You Need, Page 2; Source: Attention Is All You Need, Page 3; Source: Attention Is All You Need, Page 10]",The Transformer is a sequence transduction architecture based entirely on attention mechanisms without using recurrence or convolutions.,1.0,0.9125876681823265,0.8333333332916666,1.0
Why was the Transformer proposed instead of RNNs and CNNs?,"['Provided proper attribution is provided, Google hereby grants permission to reproduce the tables and figures in this paper solely for use in journalistic or scholarly works. Attention Is All You Need Ashish Vaswani∗ Google Brain avaswani@google.com Llion Jones∗ Google Research llion@google.com Noam Shazeer∗ Google Brain noam@google.com Niki Parmar∗ Google Research nikip@google.comJakob Uszkoreit∗ Google Research usz@google.com Aidan N. Gomez∗† University of Toronto aidan@cs.toronto.edu Łukasz Kaiser∗ Google Brain lukaszkaiser@google.com Illia Polosukhin∗‡ illia.polosukhin@gmail.com Abstract The dominant sequence transduction models are based on complex recurrent or convolutional neural networks that include an encoder and a decoder. The best performing models also connect the encoder and decoder through an attention mechanism. We propose a new simple network architecture, the Transformer, based solely on attention mechanisms, dispensing with recurrence and convolutions entirely. Experiments on two machine translation tasks show these models to be superior in quality while being more parallelizable and requiring significantly less time to train. Our model achieves 28.4 BLEU on the WMT 2014 English- to-German translation task, improving over the existing best results, including ensembles, by over 2 BLEU. On the WMT 2014 English-to-French translation task, our model establishes a new single-model state-of-the-art BLEU score of 41.8 after training for 3.5 days on eight GPUs, a small fraction of the training costs of the best models from the literature. We show that the Transformer generalizes well to other tasks by applying it successfully to English constituency parsing both with large and limited training data. ∗Equal contribution. Listing order is random. Jakob proposed replacing RNNs with self-attention and started the effort to evaluate this idea. Ashish, with Illia, designed and implemented the first Transformer models and has been crucially involved in every aspect of this work. Noam proposed scaled dot-product attention, multi-head attention and the parameter-free position representation and became the other person involved in nearly every detail. Niki designed, implemented, tuned and evaluated countless model variants in our original codebase and tensor2tensor.', 'Table 4: The Transformer generalizes well to English constituency parsing (Results are on Section 23 of WSJ) Parser Training WSJ 23 F1 Vinyals & Kaiser el al. (2014) [37] WSJ only, discriminative 88.3 Petrov et al. (2006) [29] WSJ only, discriminative 90.4 Zhu et al. (2013) [40] WSJ only, discriminative 90.4 Dyer et al. (2016) [8] WSJ only, discriminative 91.7 Transformer (4 layers) WSJ only, discriminative 91.3 Zhu et al. (2013) [40] semi-supervised 91.3 Huang & Harper (2009) [14] semi-supervised 91.3 McClosky et al. (2006) [26] semi-supervised 92.1 Vinyals & Kaiser el al. (2014) [37] semi-supervised 92.1 Transformer (4 layers) semi-supervised 92.7 Luong et al. (2015) [23] multi-task 93.0 Dyer et al. (2016) [8] generative 93.3 increased the maximum output length to input length + 300. We used a beam size of 21 and α = 0.3 for both WSJ only and the semi-supervised setting. Our results in Table 4 show that despite the lack of task-specific tuning our model performs sur- prisingly well, yielding better results than all previously reported models with the exception of the Recurrent Neural Network Grammar [8]. In contrast to RNN sequence-to-sequence models [37], the Transformer outperforms the Berkeley- Parser [29] even when training only on the WSJ training set of 40K sentences. 7 Conclusion In this work, we presented the Transformer, the first sequence transduction model based entirely on attention, replacing the recurrent layers most commonly used in encoder-decoder architectures with multi-headed self-attention. For translation tasks, the Transformer can be trained significantly faster than architectures based on recurrent or convolutional layers. On both WMT 2014 English-to-German and WMT 2014 English-to-French translation tasks, we achieve a new state of the art.', 'We used beam search as described in the previous section, but no checkpoint averaging. We present these results in Table 3. 0.0 5.77 24.6 0.2 4.95 25.5 (D) 0.0 4.67 25.3 0.2 5.47 25.7 (E) positional embedding instead of sinusoids 4.92 25.7 big 6 1024 4096 16 0.3 300K 4.33 26.4 213In Table 3 rows (A), we vary the number of attention heads and the attention key and value dimensions, keeping the amount of computation constant, as described in Section 3.2.2. While single-head attention is 0.9 BLEU worse than the best setting, quality also drops off with too many heads. In Table 3 rows (B), we observe that reducing the attention key size dk hurts model quality. This suggests that determining compatibility is not easy and that a more sophisticated compatibility function than dot product may be beneficial. We further observe in rows (C) and (D) that, as expected, bigger models are better, and dropout is very helpful in avoiding over-fitting. In row (E) we replace our sinusoidal positional encoding with learned positional embeddings [9], and observe nearly identical results to the base model. 6.3 English Constituency Parsing To evaluate if the Transformer can generalize to other tasks we performed experiments on English constituency parsing. This task presents specific challenges: the output is subject to strong structural constraints and is significantly longer than the input. Furthermore, RNN sequence-to-sequence models have not been able to attain state-of-the-art results in small-data regimes [37]. We trained a 4-layer transformer with dmodel = 1024 on the Wall Street Journal (WSJ) portion of the Penn Treebank [25], about 40K training sentences. We also trained it in a semi-supervised setting, using the larger high-confidence and BerkleyParser corpora from with approximately 17M sentences [37]. We used a vocabulary of 16K tokens for the WSJ only setting and a vocabulary of 32K tokens for the semi-supervised setting.']","The Transformer was proposed to overcome the sequential computation limitations of RNNs, which prevent parallelization within training examples. Additionally, in CNN-based models, the number of operations required to relate signals from distant positions grows linearly or logarithmically, making it difficult to learn long-range dependencies. In contrast, the Transformer reduces the operations required to relate distant positions to a constant number. By dispensing with recurrence and convolutions entirely, the Transformer allows for significantly more parallelization, requires far less training time, and delivers superior translation quality compared to recurrent or convolutional architectures.

[Source: Attention Is All You Need, Page 1; Source: Attention Is All You Need, Page 2; Source: Attention Is All You Need, Page 10]",The Transformer was proposed to overcome the limitations of recurrent and convolutional networks while enabling greater parallelization and better modeling of long-range dependencies.,0.75,0.8603300226767789,0.99999999995,1.0
What is scaled dot-product attention?,"['Scaled Dot-Product Attention Multi-Head Attention Figure 2: (left) Scaled Dot-Product Attention. (right) Multi-Head Attention consists of several attention layers running in parallel. of the values, where the weight assigned to each value is computed by a compatibility function of the query with the corresponding key. 3.2.1 Scaled Dot-Product Attention We call our particular attention ""Scaled Dot-Product Attention"" (Figure 2). The input consists of queries and keys of dimension dk, and values of dimension dv. We compute the dot products of the query with all keys, divide each by √dk, and apply a softmax function to obtain the weights on the values. In practice, we compute the attention function on a set of queries simultaneously, packed together into a matrix Q. The keys and values are also packed together into matrices K and V . We compute the matrix of outputs as: Attention(Q, K, V ) = softmax(QKT )V (1) √dk The two most commonly used attention functions are additive attention [2], and dot-product (multi- plicative) attention. Dot-product attention is identical to our algorithm, except for the scaling factor of √dk1 . Additive attention computes the compatibility function using a feed-forward network with a single hidden layer. While the two are similar in theoretical complexity, dot-product attention is much faster and more space-efficient in practice, since it can be implemented using highly optimized matrix multiplication code. While for small values of dk the two mechanisms perform similarly, additive attention outperforms dot product attention without scaling for larger values of dk [3]. We suspect that for large values of dk, the dot products grow large in magnitude, pushing the softmax function into regions where it has extremely small gradients 4. To counteract this effect, we scale the dot products by √dk1 . 3.2.2 Multi-Head Attention Instead of performing a single attention function with dmodel-dimensional keys, values and queries, we found it beneficial to linearly project the queries, keys and values h times with different, learned linear projections to dk, dk and dv dimensions, respectively. On each of these projected versions of queries, keys and values we then perform the attention function in parallel, yielding dv-dimensional 4To illustrate why the dot products get large, assume that the components of q and k are independent random variables with mean 0 and variance 1.', 'output values. These are concatenated and once again projected, resulting in the final values, as depicted in Figure 2. Multi-head attention allows the model to jointly attend to information from different representation subspaces at different positions. With a single attention head, averaging inhibits this. MultiHead(Q, K, V ) = Concat(head1, ..., headh)W O where headi = Attention(QWiQ , KW iK , V W iV ) Where the projections are parameter matrices W iQ ∈Rdmodel×dk, W iK ∈Rdmodel×dk, W iV ∈Rdmodel×dv and W O ∈Rhdv×dmodel. In this work we employ h = 8 parallel attention layers, or heads. For each of these we use dk = dv = dmodel/h = 64. Due to the reduced dimension of each head, the total computational cost is similar to that of single-head attention with full dimensionality. 3.2.3 Applications of Attention in our Model The Transformer uses multi-head attention in three different ways: • In ""encoder-decoder attention"" layers, the queries come from the previous decoder layer, and the memory keys and values come from the output of the encoder. This allows every position in the decoder to attend over all positions in the input sequence. This mimics the typical encoder-decoder attention mechanisms in sequence-to-sequence models such as [38, 2, 9]. • The encoder contains self-attention layers. In a self-attention layer all of the keys, values and queries come from the same place, in this case, the output of the previous layer in the encoder. Each position in the encoder can attend to all positions in the previous layer of the encoder. • Similarly, self-attention layers in the decoder allow each position in the decoder to attend to all positions in the decoder up to and including that position. We need to prevent leftward information flow in the decoder to preserve the auto-regressive property. We implement this inside of scaled dot-product attention by masking out (setting to −∞) all values in the input of the softmax which correspond to illegal connections. See Figure 2. 3.3 Position-wise Feed-Forward Networks In addition to attention sub-layers, each of the layers in our encoder and decoder contains a fully connected feed-forward network, which is applied to each position separately and identically.', 'Provided proper attribution is provided, Google hereby grants permission to reproduce the tables and figures in this paper solely for use in journalistic or scholarly works. Attention Is All You Need Ashish Vaswani∗ Google Brain avaswani@google.com Llion Jones∗ Google Research llion@google.com Noam Shazeer∗ Google Brain noam@google.com Niki Parmar∗ Google Research nikip@google.comJakob Uszkoreit∗ Google Research usz@google.com Aidan N. Gomez∗† University of Toronto aidan@cs.toronto.edu Łukasz Kaiser∗ Google Brain lukaszkaiser@google.com Illia Polosukhin∗‡ illia.polosukhin@gmail.com Abstract The dominant sequence transduction models are based on complex recurrent or convolutional neural networks that include an encoder and a decoder. The best performing models also connect the encoder and decoder through an attention mechanism. We propose a new simple network architecture, the Transformer, based solely on attention mechanisms, dispensing with recurrence and convolutions entirely. Experiments on two machine translation tasks show these models to be superior in quality while being more parallelizable and requiring significantly less time to train. Our model achieves 28.4 BLEU on the WMT 2014 English- to-German translation task, improving over the existing best results, including ensembles, by over 2 BLEU. On the WMT 2014 English-to-French translation task, our model establishes a new single-model state-of-the-art BLEU score of 41.8 after training for 3.5 days on eight GPUs, a small fraction of the training costs of the best models from the literature. We show that the Transformer generalizes well to other tasks by applying it successfully to English constituency parsing both with large and limited training data. ∗Equal contribution. Listing order is random. Jakob proposed replacing RNNs with self-attention and started the effort to evaluate this idea. Ashish, with Illia, designed and implemented the first Transformer models and has been crucially involved in every aspect of this work. Noam proposed scaled dot-product attention, multi-head attention and the parameter-free position representation and became the other person involved in nearly every detail. Niki designed, implemented, tuned and evaluated countless model variants in our original codebase and tensor2tensor.']","Scaled Dot-Product Attention is an attention mechanism where the input consists of queries and keys of dimension $d_k$, and values of dimension $d_v$. The mechanism computes the dot products of the queries with all keys, divides each by $\sqrt{d_k}$, and applies a softmax function to obtain the weights on the values. In practice, queries, keys, and values are packed into matrices $Q$, $K$, and $V$ to compute the output matrix as $\text{Attention}(Q, K, V) = \text{softmax}(\frac{QK^T}{\sqrt{d_k}})V$. The scaling factor of $\sqrt{d_k}$ is applied to counteract the effect where dot products grow large in magnitude for large values of $d_k$, which pushes the softmax function into regions with extremely small gradients. [Source: Attention Is All You Need, Page 4]","Scaled dot-product attention computes attention by taking the dot product between queries and keys, dividing by sqrt(dk), applying softmax, and using the resulting weights to combine values.",1.0,0.944221397629007,0.9999999999666667,1.0
Why is the attention score divided by sqrt(dk)?,"['Scaled Dot-Product Attention Multi-Head Attention Figure 2: (left) Scaled Dot-Product Attention. (right) Multi-Head Attention consists of several attention layers running in parallel. of the values, where the weight assigned to each value is computed by a compatibility function of the query with the corresponding key. 3.2.1 Scaled Dot-Product Attention We call our particular attention ""Scaled Dot-Product Attention"" (Figure 2). The input consists of queries and keys of dimension dk, and values of dimension dv. We compute the dot products of the query with all keys, divide each by √dk, and apply a softmax function to obtain the weights on the values. In practice, we compute the attention function on a set of queries simultaneously, packed together into a matrix Q. The keys and values are also packed together into matrices K and V . We compute the matrix of outputs as: Attention(Q, K, V ) = softmax(QKT )V (1) √dk The two most commonly used attention functions are additive attention [2], and dot-product (multi- plicative) attention. Dot-product attention is identical to our algorithm, except for the scaling factor of √dk1 . Additive attention computes the compatibility function using a feed-forward network with a single hidden layer. While the two are similar in theoretical complexity, dot-product attention is much faster and more space-efficient in practice, since it can be implemented using highly optimized matrix multiplication code. While for small values of dk the two mechanisms perform similarly, additive attention outperforms dot product attention without scaling for larger values of dk [3]. We suspect that for large values of dk, the dot products grow large in magnitude, pushing the softmax function into regions where it has extremely small gradients 4. To counteract this effect, we scale the dot products by √dk1 . 3.2.2 Multi-Head Attention Instead of performing a single attention function with dmodel-dimensional keys, values and queries, we found it beneficial to linearly project the queries, keys and values h times with different, learned linear projections to dk, dk and dv dimensions, respectively. On each of these projected versions of queries, keys and values we then perform the attention function in parallel, yielding dv-dimensional 4To illustrate why the dot products get large, assume that the components of q and k are independent random variables with mean 0 and variance 1.', 'output values. These are concatenated and once again projected, resulting in the final values, as depicted in Figure 2. Multi-head attention allows the model to jointly attend to information from different representation subspaces at different positions. With a single attention head, averaging inhibits this. MultiHead(Q, K, V ) = Concat(head1, ..., headh)W O where headi = Attention(QWiQ , KW iK , V W iV ) Where the projections are parameter matrices W iQ ∈Rdmodel×dk, W iK ∈Rdmodel×dk, W iV ∈Rdmodel×dv and W O ∈Rhdv×dmodel. In this work we employ h = 8 parallel attention layers, or heads. For each of these we use dk = dv = dmodel/h = 64. Due to the reduced dimension of each head, the total computational cost is similar to that of single-head attention with full dimensionality. 3.2.3 Applications of Attention in our Model The Transformer uses multi-head attention in three different ways: • In ""encoder-decoder attention"" layers, the queries come from the previous decoder layer, and the memory keys and values come from the output of the encoder. This allows every position in the decoder to attend over all positions in the input sequence. This mimics the typical encoder-decoder attention mechanisms in sequence-to-sequence models such as [38, 2, 9]. • The encoder contains self-attention layers. In a self-attention layer all of the keys, values and queries come from the same place, in this case, the output of the previous layer in the encoder. Each position in the encoder can attend to all positions in the previous layer of the encoder. • Similarly, self-attention layers in the decoder allow each position in the decoder to attend to all positions in the decoder up to and including that position. We need to prevent leftward information flow in the decoder to preserve the auto-regressive property. We implement this inside of scaled dot-product attention by masking out (setting to −∞) all values in the input of the softmax which correspond to illegal connections. See Figure 2. 3.3 Position-wise Feed-Forward Networks In addition to attention sub-layers, each of the layers in our encoder and decoder contains a fully connected feed-forward network, which is applied to each position separately and identically.', 'length n is smaller than the representation dimensionality d, which is most often the case with sentence representations used by state-of-the-art models in machine translations, such as word-piece [38] and byte-pair [31] representations. To improve computational performance for tasks involving very long sequences, self-attention could be restricted to considering only a neighborhood of size r in the input sequence centered around the respective output position. This would increase the maximum path length to O(n/r). We plan to investigate this approach further in future work. A single convolutional layer with kernel width k < n does not connect all pairs of input and output positions. Doing so requires a stack of O(n/k) convolutional layers in the case of contiguous kernels, or O(logk(n)) in the case of dilated convolutions [18], increasing the length of the longest paths between any two positions in the network. Convolutional layers are generally more expensive than recurrent layers, by a factor of k. Separable convolutions [6], however, decrease the complexity considerably, to O(k · n · d + n · d2). Even with k = n, however, the complexity of a separable convolution is equal to the combination of a self-attention layer and a point-wise feed-forward layer, the approach we take in our model. As side benefit, self-attention could yield more interpretable models. We inspect attention distributions from our models and present and discuss examples in the appendix. Not only do individual attention heads clearly learn to perform different tasks, many appear to exhibit behavior related to the syntactic and semantic structure of the sentences. 5 Training This section describes the training regime for our models. 5.1 Training Data and Batching We trained on the standard WMT 2014 English-German dataset consisting of about 4.5 million sentence pairs. Sentences were encoded using byte-pair encoding [3], which has a shared source- target vocabulary of about 37000 tokens. For English-French, we used the significantly larger WMT 2014 English-French dataset consisting of 36M sentences and split tokens into a 32000 word-piece vocabulary [38]. Sentence pairs were batched together by approximate sequence length. Each training batch contained a set of sentence pairs containing approximately 25000 source tokens and 25000 target tokens. 5.2 Hardware and Schedule We trained our models on one machine with 8 NVIDIA P100 GPUs.']","For large values of $d_k$, the dot products of the query and keys can grow large in magnitude. This growth pushes the softmax function into regions with extremely small gradients, and dividing by the scaling factor of $\sqrt{d_k}$ counteracts this effect. Additionally, when assuming the components of the query and key are independent random variables with mean 0 and variance 1, their dot product has a mean of 0 and a variance of $d_k$. [Source: Attention Is All You Need, Page 4]",The attention score is divided by sqrt(dk) to prevent large dot-product values from causing extremely small gradients after the softmax operation.,1.0,0.770952747463235,0.99999999995,1.0
What is multi-head attention?,"['output values. These are concatenated and once again projected, resulting in the final values, as depicted in Figure 2. Multi-head attention allows the model to jointly attend to information from different representation subspaces at different positions. With a single attention head, averaging inhibits this. MultiHead(Q, K, V ) = Concat(head1, ..., headh)W O where headi = Attention(QWiQ , KW iK , V W iV ) Where the projections are parameter matrices W iQ ∈Rdmodel×dk, W iK ∈Rdmodel×dk, W iV ∈Rdmodel×dv and W O ∈Rhdv×dmodel. In this work we employ h = 8 parallel attention layers, or heads. For each of these we use dk = dv = dmodel/h = 64. Due to the reduced dimension of each head, the total computational cost is similar to that of single-head attention with full dimensionality. 3.2.3 Applications of Attention in our Model The Transformer uses multi-head attention in three different ways: • In ""encoder-decoder attention"" layers, the queries come from the previous decoder layer, and the memory keys and values come from the output of the encoder. This allows every position in the decoder to attend over all positions in the input sequence. This mimics the typical encoder-decoder attention mechanisms in sequence-to-sequence models such as [38, 2, 9]. • The encoder contains self-attention layers. In a self-attention layer all of the keys, values and queries come from the same place, in this case, the output of the previous layer in the encoder. Each position in the encoder can attend to all positions in the previous layer of the encoder. • Similarly, self-attention layers in the decoder allow each position in the decoder to attend to all positions in the decoder up to and including that position. We need to prevent leftward information flow in the decoder to preserve the auto-regressive property. We implement this inside of scaled dot-product attention by masking out (setting to −∞) all values in the input of the softmax which correspond to illegal connections. See Figure 2. 3.3 Position-wise Feed-Forward Networks In addition to attention sub-layers, each of the layers in our encoder and decoder contains a fully connected feed-forward network, which is applied to each position separately and identically.', 'Scaled Dot-Product Attention Multi-Head Attention Figure 2: (left) Scaled Dot-Product Attention. (right) Multi-Head Attention consists of several attention layers running in parallel. of the values, where the weight assigned to each value is computed by a compatibility function of the query with the corresponding key. 3.2.1 Scaled Dot-Product Attention We call our particular attention ""Scaled Dot-Product Attention"" (Figure 2). The input consists of queries and keys of dimension dk, and values of dimension dv. We compute the dot products of the query with all keys, divide each by √dk, and apply a softmax function to obtain the weights on the values. In practice, we compute the attention function on a set of queries simultaneously, packed together into a matrix Q. The keys and values are also packed together into matrices K and V . We compute the matrix of outputs as: Attention(Q, K, V ) = softmax(QKT )V (1) √dk The two most commonly used attention functions are additive attention [2], and dot-product (multi- plicative) attention. Dot-product attention is identical to our algorithm, except for the scaling factor of √dk1 . Additive attention computes the compatibility function using a feed-forward network with a single hidden layer. While the two are similar in theoretical complexity, dot-product attention is much faster and more space-efficient in practice, since it can be implemented using highly optimized matrix multiplication code. While for small values of dk the two mechanisms perform similarly, additive attention outperforms dot product attention without scaling for larger values of dk [3]. We suspect that for large values of dk, the dot products grow large in magnitude, pushing the softmax function into regions where it has extremely small gradients 4. To counteract this effect, we scale the dot products by √dk1 . 3.2.2 Multi-Head Attention Instead of performing a single attention function with dmodel-dimensional keys, values and queries, we found it beneficial to linearly project the queries, keys and values h times with different, learned linear projections to dk, dk and dv dimensions, respectively. On each of these projected versions of queries, keys and values we then perform the attention function in parallel, yielding dv-dimensional 4To illustrate why the dot products get large, assume that the components of q and k are independent random variables with mean 0 and variance 1.', 'This makes it more difficult to learn dependencies between distant positions [12]. In the Transformer this is reduced to a constant number of operations, albeit at the cost of reduced effective resolution due to averaging attention-weighted positions, an effect we counteract with Multi-Head Attention as described in section 3.2. Self-attention, sometimes called intra-attention is an attention mechanism relating different positions of a single sequence in order to compute a representation of the sequence. Self-attention has been used successfully in a variety of tasks including reading comprehension, abstractive summarization, textual entailment and learning task-independent sentence representations [4, 27, 28, 22]. End-to-end memory networks are based on a recurrent attention mechanism instead of sequence- aligned recurrence and have been shown to perform well on simple-language question answering and language modeling tasks [34]. To the best of our knowledge, however, the Transformer is the first transduction model relying entirely on self-attention to compute representations of its input and output without using sequence- aligned RNNs or convolution. In the following sections, we will describe the Transformer, motivate self-attention and discuss its advantages over models such as [17, 18] and [9]. 3 Model Architecture Most competitive neural sequence transduction models have an encoder-decoder structure [5, 2, 35]. Here, the encoder maps an input sequence of symbol representations (x1, ..., xn) to a sequence of continuous representations z = (z1, ..., zn). Given z, the decoder then generates an output sequence (y1, ..., ym) of symbols one element at a time. At each step the model is auto-regressive [10], consuming the previously generated symbols as additional input when generating the next.']","Multi-head attention consists of several attention layers running in parallel, where queries, keys, and values are linearly projected $h$ times with different, learned linear projections. The attention function is performed in parallel on these projected versions, and the resulting output values are concatenated and projected again to produce the final values. This mechanism allows the model to jointly attend to information from different representation subspaces at different positions, counteracting the reduced effective resolution that results from averaging in single-head attention. In the Transformer, $h = 8$ parallel attention heads are used, which keeps the total computational cost similar to single-head attention with full dimensionality due to the reduced dimension of each head. [Source: Attention Is All You Need, Page 2] [Source: Attention Is All You Need, Page 4] [Source: Attention Is All You Need, Page 5]","Multi-head attention projects queries, keys, and values into multiple learned subspaces, performs attention in parallel, concatenates the outputs, and applies a final projection.",1.0,0.7952149388875955,0.9999999999666667,1.0
How does the Transformer decoder work?,"['Figure 1: The Transformer - model architecture. The Transformer follows this overall architecture using stacked self-attention and point-wise, fully connected layers for both the encoder and decoder, shown in the left and right halves of Figure 1, respectively. 3.1 Encoder and Decoder Stacks Encoder: The encoder is composed of a stack of N = 6 identical layers. Each layer has two sub-layers. The first is a multi-head self-attention mechanism, and the second is a simple, position- wise fully connected feed-forward network. We employ a residual connection [11] around each of the two sub-layers, followed by layer normalization [1]. That is, the output of each sub-layer is LayerNorm(x + Sublayer(x)), where Sublayer(x) is the function implemented by the sub-layer itself. To facilitate these residual connections, all sub-layers in the model, as well as the embedding layers, produce outputs of dimension dmodel = 512. Decoder: The decoder is also composed of a stack of N = 6 identical layers. In addition to the two sub-layers in each encoder layer, the decoder inserts a third sub-layer, which performs multi-head attention over the output of the encoder stack. Similar to the encoder, we employ residual connections around each of the sub-layers, followed by layer normalization. We also modify the self-attention sub-layer in the decoder stack to prevent positions from attending to subsequent positions. This masking, combined with fact that the output embeddings are offset by one position, ensures that the predictions for position i can depend only on the known outputs at positions less than i. 3.2 Attention An attention function can be described as mapping a query and a set of key-value pairs to an output, where the query, keys, values, and output are all vectors. The output is computed as a weighted sum', 'This makes it more difficult to learn dependencies between distant positions [12]. In the Transformer this is reduced to a constant number of operations, albeit at the cost of reduced effective resolution due to averaging attention-weighted positions, an effect we counteract with Multi-Head Attention as described in section 3.2. Self-attention, sometimes called intra-attention is an attention mechanism relating different positions of a single sequence in order to compute a representation of the sequence. Self-attention has been used successfully in a variety of tasks including reading comprehension, abstractive summarization, textual entailment and learning task-independent sentence representations [4, 27, 28, 22]. End-to-end memory networks are based on a recurrent attention mechanism instead of sequence- aligned recurrence and have been shown to perform well on simple-language question answering and language modeling tasks [34]. To the best of our knowledge, however, the Transformer is the first transduction model relying entirely on self-attention to compute representations of its input and output without using sequence- aligned RNNs or convolution. In the following sections, we will describe the Transformer, motivate self-attention and discuss its advantages over models such as [17, 18] and [9]. 3 Model Architecture Most competitive neural sequence transduction models have an encoder-decoder structure [5, 2, 35]. Here, the encoder maps an input sequence of symbol representations (x1, ..., xn) to a sequence of continuous representations z = (z1, ..., zn). Given z, the decoder then generates an output sequence (y1, ..., ym) of symbols one element at a time. At each step the model is auto-regressive [10], consuming the previously generated symbols as additional input when generating the next.', 'output values. These are concatenated and once again projected, resulting in the final values, as depicted in Figure 2. Multi-head attention allows the model to jointly attend to information from different representation subspaces at different positions. With a single attention head, averaging inhibits this. MultiHead(Q, K, V ) = Concat(head1, ..., headh)W O where headi = Attention(QWiQ , KW iK , V W iV ) Where the projections are parameter matrices W iQ ∈Rdmodel×dk, W iK ∈Rdmodel×dk, W iV ∈Rdmodel×dv and W O ∈Rhdv×dmodel. In this work we employ h = 8 parallel attention layers, or heads. For each of these we use dk = dv = dmodel/h = 64. Due to the reduced dimension of each head, the total computational cost is similar to that of single-head attention with full dimensionality. 3.2.3 Applications of Attention in our Model The Transformer uses multi-head attention in three different ways: • In ""encoder-decoder attention"" layers, the queries come from the previous decoder layer, and the memory keys and values come from the output of the encoder. This allows every position in the decoder to attend over all positions in the input sequence. This mimics the typical encoder-decoder attention mechanisms in sequence-to-sequence models such as [38, 2, 9]. • The encoder contains self-attention layers. In a self-attention layer all of the keys, values and queries come from the same place, in this case, the output of the previous layer in the encoder. Each position in the encoder can attend to all positions in the previous layer of the encoder. • Similarly, self-attention layers in the decoder allow each position in the decoder to attend to all positions in the decoder up to and including that position. We need to prevent leftward information flow in the decoder to preserve the auto-regressive property. We implement this inside of scaled dot-product attention by masking out (setting to −∞) all values in the input of the softmax which correspond to illegal connections. See Figure 2. 3.3 Position-wise Feed-Forward Networks In addition to attention sub-layers, each of the layers in our encoder and decoder contains a fully connected feed-forward network, which is applied to each position separately and identically.']","The Transformer decoder generates an output sequence of symbols one element at a time in an auto-regressive manner, consuming previously generated symbols as input. It consists of a stack of N = 6 identical layers, each containing a self-attention sub-layer, an encoder-decoder attention sub-layer, and a position-wise fully connected feed-forward network. In the encoder-decoder attention layers, the queries come from the previous decoder layer, while the keys and values come from the encoder output, enabling the decoder to attend to all input positions. Additionally, the self-attention layer is masked to prevent positions from attending to subsequent positions, ensuring predictions for a position depend only on known outputs at preceding positions. All sub-layers are wrapped in residual connections followed by layer normalization. [Source: Attention Is All You Need, Page 2; Source: Attention Is All You Need, Page 3; Source: Attention Is All You Need, Page 5]","The decoder consists of six identical layers, each containing masked self-attention, encoder-decoder attention, and a position-wise feed-forward network.",0.9230769230769231,0.8562751310390774,0.9999999999666667,
What are the components of an encoder layer?,"['Figure 1: The Transformer - model architecture. The Transformer follows this overall architecture using stacked self-attention and point-wise, fully connected layers for both the encoder and decoder, shown in the left and right halves of Figure 1, respectively. 3.1 Encoder and Decoder Stacks Encoder: The encoder is composed of a stack of N = 6 identical layers. Each layer has two sub-layers. The first is a multi-head self-attention mechanism, and the second is a simple, position- wise fully connected feed-forward network. We employ a residual connection [11] around each of the two sub-layers, followed by layer normalization [1]. That is, the output of each sub-layer is LayerNorm(x + Sublayer(x)), where Sublayer(x) is the function implemented by the sub-layer itself. To facilitate these residual connections, all sub-layers in the model, as well as the embedding layers, produce outputs of dimension dmodel = 512. Decoder: The decoder is also composed of a stack of N = 6 identical layers. In addition to the two sub-layers in each encoder layer, the decoder inserts a third sub-layer, which performs multi-head attention over the output of the encoder stack. Similar to the encoder, we employ residual connections around each of the sub-layers, followed by layer normalization. We also modify the self-attention sub-layer in the decoder stack to prevent positions from attending to subsequent positions. This masking, combined with fact that the output embeddings are offset by one position, ensures that the predictions for position i can depend only on the known outputs at positions less than i. 3.2 Attention An attention function can be described as mapping a query and a set of key-value pairs to an output, where the query, keys, values, and output are all vectors. The output is computed as a weighted sum', '3.3 Position-wise Feed-Forward Networks In addition to attention sub-layers, each of the layers in our encoder and decoder contains a fully connected feed-forward network, which is applied to each position separately and identically. This consists of two linear transformations with a ReLU activation in between. FFN(x) = max(0, xW1 + b1)W2 + b2 (2) While the linear transformations are the same across different positions, they use different parameters from layer to layer. Another way of describing this is as two convolutions with kernel size 1. The dimensionality of input and output is dmodel = 512, and the inner-layer has dimensionality dff = 2048. 3.4 Embeddings and Softmax Similarly to other sequence transduction models, we use learned embeddings to convert the input tokens and output tokens to vectors of dimension dmodel. We also use the usual learned linear transfor- mation and softmax function to convert the decoder output to predicted next-token probabilities. In our model, we share the same weight matrix between the two embedding layers and the pre-softmax linear transformation, similar to [30]. In the embedding layers, we multiply those weights by √dmodel.', 'output values. These are concatenated and once again projected, resulting in the final values, as depicted in Figure 2. Multi-head attention allows the model to jointly attend to information from different representation subspaces at different positions. With a single attention head, averaging inhibits this. MultiHead(Q, K, V ) = Concat(head1, ..., headh)W O where headi = Attention(QWiQ , KW iK , V W iV ) Where the projections are parameter matrices W iQ ∈Rdmodel×dk, W iK ∈Rdmodel×dk, W iV ∈Rdmodel×dv and W O ∈Rhdv×dmodel. In this work we employ h = 8 parallel attention layers, or heads. For each of these we use dk = dv = dmodel/h = 64. Due to the reduced dimension of each head, the total computational cost is similar to that of single-head attention with full dimensionality. 3.2.3 Applications of Attention in our Model The Transformer uses multi-head attention in three different ways: • In ""encoder-decoder attention"" layers, the queries come from the previous decoder layer, and the memory keys and values come from the output of the encoder. This allows every position in the decoder to attend over all positions in the input sequence. This mimics the typical encoder-decoder attention mechanisms in sequence-to-sequence models such as [38, 2, 9]. • The encoder contains self-attention layers. In a self-attention layer all of the keys, values and queries come from the same place, in this case, the output of the previous layer in the encoder. Each position in the encoder can attend to all positions in the previous layer of the encoder. • Similarly, self-attention layers in the decoder allow each position in the decoder to attend to all positions in the decoder up to and including that position. We need to prevent leftward information flow in the decoder to preserve the auto-regressive property. We implement this inside of scaled dot-product attention by masking out (setting to −∞) all values in the input of the softmax which correspond to illegal connections. See Figure 2. 3.3 Position-wise Feed-Forward Networks In addition to attention sub-layers, each of the layers in our encoder and decoder contains a fully connected feed-forward network, which is applied to each position separately and identically.']","An encoder layer consists of two main sub-layers: a multi-head self-attention mechanism and a position-wise fully connected feed-forward network. Each of these sub-layers is surrounded by a residual connection, which is followed by layer normalization. Additionally, the position-wise feed-forward network is composed of two linear transformations with a ReLU activation in between. [Source: Attention Is All You Need, Page 3] [Source: Attention Is All You Need, Page 5]","Each encoder layer contains a multi-head self-attention mechanism followed by a position-wise feed-forward network, along with residual connections and layer normalization.",,0.9485270325615704,,
What is self-attention?,"['This makes it more difficult to learn dependencies between distant positions [12]. In the Transformer this is reduced to a constant number of operations, albeit at the cost of reduced effective resolution due to averaging attention-weighted positions, an effect we counteract with Multi-Head Attention as described in section 3.2. Self-attention, sometimes called intra-attention is an attention mechanism relating different positions of a single sequence in order to compute a representation of the sequence. Self-attention has been used successfully in a variety of tasks including reading comprehension, abstractive summarization, textual entailment and learning task-independent sentence representations [4, 27, 28, 22]. End-to-end memory networks are based on a recurrent attention mechanism instead of sequence- aligned recurrence and have been shown to perform well on simple-language question answering and language modeling tasks [34]. To the best of our knowledge, however, the Transformer is the first transduction model relying entirely on self-attention to compute representations of its input and output without using sequence- aligned RNNs or convolution. In the following sections, we will describe the Transformer, motivate self-attention and discuss its advantages over models such as [17, 18] and [9]. 3 Model Architecture Most competitive neural sequence transduction models have an encoder-decoder structure [5, 2, 35]. Here, the encoder maps an input sequence of symbol representations (x1, ..., xn) to a sequence of continuous representations z = (z1, ..., zn). Given z, the decoder then generates an output sequence (y1, ..., ym) of symbols one element at a time. At each step the model is auto-regressive [10], consuming the previously generated symbols as additional input when generating the next.', 'We chose the sinusoidal version because it may allow the model to extrapolate to sequence lengths longer than the ones encountered during training. 4 Why Self-Attention In this section we compare various aspects of self-attention layers to the recurrent and convolu- tional layers commonly used for mapping one variable-length sequence of symbol representations (x1, ..., xn) to another sequence of equal length (z1, ..., zn), with xi, zi ∈Rd, such as a hidden layer in a typical sequence transduction encoder or decoder. Motivating our use of self-attention we consider three desiderata. One is the total computational complexity per layer. Another is the amount of computation that can be parallelized, as measured by the minimum number of sequential operations required. The third is the path length between long-range dependencies in the network. Learning long-range dependencies is a key challenge in many sequence transduction tasks. One key factor affecting the ability to learn such dependencies is the length of the paths forward and backward signals have to traverse in the network. The shorter these paths between any combination of positions in the input and output sequences, the easier it is to learn long-range dependencies [12]. Hence we also compare the maximum path length between any two input and output positions in networks composed of the different layer types. As noted in Table 1, a self-attention layer connects all positions with a constant number of sequentially executed operations, whereas a recurrent layer requires O(n) sequential operations. In terms of computational complexity, self-attention layers are faster than recurrent layers when the sequence', 'Figure 5: Many of the attention heads exhibit behaviour that seems related to the structure of the sentence. We give two such examples above, from two different heads from the encoder self-attention at layer 5 of 6. The heads clearly learned to perform different tasks.']","Self-attention, or intra-attention, is an attention mechanism that relates different positions of a single sequence to compute a representation of the sequence. It is used to map a variable-length sequence of symbol representations to another sequence of equal length. A self-attention layer connects all positions with a constant number of sequentially executed operations, and it is faster than recurrent layers when the sequence length is smaller than the representation dimensionality. Additionally, this mechanism has been successfully used in tasks like reading comprehension and abstractive summarization, and it can yield more interpretable models. [Source: Attention Is All You Need, Page 2; Source: Attention Is All You Need, Page 6; Source: Attention Is All You Need, Page 7]",Self-attention allows each position in a sequence to attend to all positions in the same sequence and compute context-aware representations.,,,,
How does masking work in the decoder?,"['output values. These are concatenated and once again projected, resulting in the final values, as depicted in Figure 2. Multi-head attention allows the model to jointly attend to information from different representation subspaces at different positions. With a single attention head, averaging inhibits this. MultiHead(Q, K, V ) = Concat(head1, ..., headh)W O where headi = Attention(QWiQ , KW iK , V W iV ) Where the projections are parameter matrices W iQ ∈Rdmodel×dk, W iK ∈Rdmodel×dk, W iV ∈Rdmodel×dv and W O ∈Rhdv×dmodel. In this work we employ h = 8 parallel attention layers, or heads. For each of these we use dk = dv = dmodel/h = 64. Due to the reduced dimension of each head, the total computational cost is similar to that of single-head attention with full dimensionality. 3.2.3 Applications of Attention in our Model The Transformer uses multi-head attention in three different ways: • In ""encoder-decoder attention"" layers, the queries come from the previous decoder layer, and the memory keys and values come from the output of the encoder. This allows every position in the decoder to attend over all positions in the input sequence. This mimics the typical encoder-decoder attention mechanisms in sequence-to-sequence models such as [38, 2, 9]. • The encoder contains self-attention layers. In a self-attention layer all of the keys, values and queries come from the same place, in this case, the output of the previous layer in the encoder. Each position in the encoder can attend to all positions in the previous layer of the encoder. • Similarly, self-attention layers in the decoder allow each position in the decoder to attend to all positions in the decoder up to and including that position. We need to prevent leftward information flow in the decoder to preserve the auto-regressive property. We implement this inside of scaled dot-product attention by masking out (setting to −∞) all values in the input of the softmax which correspond to illegal connections. See Figure 2. 3.3 Position-wise Feed-Forward Networks In addition to attention sub-layers, each of the layers in our encoder and decoder contains a fully connected feed-forward network, which is applied to each position separately and identically.', 'Figure 1: The Transformer - model architecture. The Transformer follows this overall architecture using stacked self-attention and point-wise, fully connected layers for both the encoder and decoder, shown in the left and right halves of Figure 1, respectively. 3.1 Encoder and Decoder Stacks Encoder: The encoder is composed of a stack of N = 6 identical layers. Each layer has two sub-layers. The first is a multi-head self-attention mechanism, and the second is a simple, position- wise fully connected feed-forward network. We employ a residual connection [11] around each of the two sub-layers, followed by layer normalization [1]. That is, the output of each sub-layer is LayerNorm(x + Sublayer(x)), where Sublayer(x) is the function implemented by the sub-layer itself. To facilitate these residual connections, all sub-layers in the model, as well as the embedding layers, produce outputs of dimension dmodel = 512. Decoder: The decoder is also composed of a stack of N = 6 identical layers. In addition to the two sub-layers in each encoder layer, the decoder inserts a third sub-layer, which performs multi-head attention over the output of the encoder stack. Similar to the encoder, we employ residual connections around each of the sub-layers, followed by layer normalization. We also modify the self-attention sub-layer in the decoder stack to prevent positions from attending to subsequent positions. This masking, combined with fact that the output embeddings are offset by one position, ensures that the predictions for position i can depend only on the known outputs at positions less than i. 3.2 Attention An attention function can be described as mapping a query and a set of key-value pairs to an output, where the query, keys, values, and output are all vectors. The output is computed as a weighted sum', '3.3 Position-wise Feed-Forward Networks In addition to attention sub-layers, each of the layers in our encoder and decoder contains a fully connected feed-forward network, which is applied to each position separately and identically. This consists of two linear transformations with a ReLU activation in between. FFN(x) = max(0, xW1 + b1)W2 + b2 (2) While the linear transformations are the same across different positions, they use different parameters from layer to layer. Another way of describing this is as two convolutions with kernel size 1. The dimensionality of input and output is dmodel = 512, and the inner-layer has dimensionality dff = 2048. 3.4 Embeddings and Softmax Similarly to other sequence transduction models, we use learned embeddings to convert the input tokens and output tokens to vectors of dimension dmodel. We also use the usual learned linear transfor- mation and softmax function to convert the decoder output to predicted next-token probabilities. In our model, we share the same weight matrix between the two embedding layers and the pre-softmax linear transformation, similar to [30]. In the embedding layers, we multiply those weights by √dmodel.']","Masking in the decoder's self-attention sub-layer prevents positions from attending to subsequent, future positions. This modification, combined with offsetting the output embeddings by one position, ensures that predictions for a specific position depend solely on known outputs at preceding positions. To preserve the auto-regressive property, this masking blocks leftward information flow by setting all values in the input of the softmax that correspond to illegal connections to −∞ inside the scaled dot-product attention. [Source: Attention Is All You Need, Page 3; Source: Attention Is All You Need, Page 5]",Decoder masking prevents a position from attending to future tokens by masking illegal connections before the softmax operation.,,,,
What are positional encodings and why are they needed?,"['Table 1: Maximum path lengths, per-layer complexity and minimum number of sequential operations for different layer types. n is the sequence length, d is the representation dimension, k is the kernel size of convolutions and r the size of the neighborhood in restricted self-attention. Layer Type Complexity per Layer Sequential Maximum Path Length Operations Self-Attention O(n2 · d) O(1) O(1) Recurrent O(n · d2) O(n) O(n) Convolutional O(k · n · d2) O(1) O(logk(n)) Self-Attention (restricted) O(r · n · d) O(1) O(n/r) 3.5 Positional Encoding Since our model contains no recurrence and no convolution, in order for the model to make use of the order of the sequence, we must inject some information about the relative or absolute position of the tokens in the sequence. To this end, we add ""positional encodings"" to the input embeddings at the bottoms of the encoder and decoder stacks. The positional encodings have the same dimension dmodel as the embeddings, so that the two can be summed. There are many choices of positional encodings, learned and fixed [9]. In this work, we use sine and cosine functions of different frequencies: PE(pos,2i) = sin(pos/100002i/dmodel) PE(pos,2i+1) = cos(pos/100002i/dmodel) where pos is the position and i is the dimension. That is, each dimension of the positional encoding corresponds to a sinusoid. The wavelengths form a geometric progression from 2π to 10000 · 2π. We chose this function because we hypothesized it would allow the model to easily learn to attend by relative positions, since for any fixed offset k, PEpos+k can be represented as a linear function of PEpos. We also experimented with using learned positional embeddings [9] instead, and found that the two versions produced nearly identical results (see Table 3 row (E)). We chose the sinusoidal version because it may allow the model to extrapolate to sequence lengths longer than the ones encountered during training.', 'We used beam search as described in the previous section, but no checkpoint averaging. We present these results in Table 3. 0.0 5.77 24.6 0.2 4.95 25.5 (D) 0.0 4.67 25.3 0.2 5.47 25.7 (E) positional embedding instead of sinusoids 4.92 25.7 big 6 1024 4096 16 0.3 300K 4.33 26.4 213In Table 3 rows (A), we vary the number of attention heads and the attention key and value dimensions, keeping the amount of computation constant, as described in Section 3.2.2. While single-head attention is 0.9 BLEU worse than the best setting, quality also drops off with too many heads. In Table 3 rows (B), we observe that reducing the attention key size dk hurts model quality. This suggests that determining compatibility is not easy and that a more sophisticated compatibility function than dot product may be beneficial. We further observe in rows (C) and (D) that, as expected, bigger models are better, and dropout is very helpful in avoiding over-fitting. In row (E) we replace our sinusoidal positional encoding with learned positional embeddings [9], and observe nearly identical results to the base model. 6.3 English Constituency Parsing To evaluate if the Transformer can generalize to other tasks we performed experiments on English constituency parsing. This task presents specific challenges: the output is subject to strong structural constraints and is significantly longer than the input. Furthermore, RNN sequence-to-sequence models have not been able to attain state-of-the-art results in small-data regimes [37]. We trained a 4-layer transformer with dmodel = 1024 on the Wall Street Journal (WSJ) portion of the Penn Treebank [25], about 40K training sentences. We also trained it in a semi-supervised setting, using the larger high-confidence and BerkleyParser corpora from with approximately 17M sentences [37]. We used a vocabulary of 16K tokens for the WSJ only setting and a vocabulary of 32K tokens for the semi-supervised setting.', 'length n is smaller than the representation dimensionality d, which is most often the case with sentence representations used by state-of-the-art models in machine translations, such as word-piece [38] and byte-pair [31] representations. To improve computational performance for tasks involving very long sequences, self-attention could be restricted to considering only a neighborhood of size r in the input sequence centered around the respective output position. This would increase the maximum path length to O(n/r). We plan to investigate this approach further in future work. A single convolutional layer with kernel width k < n does not connect all pairs of input and output positions. Doing so requires a stack of O(n/k) convolutional layers in the case of contiguous kernels, or O(logk(n)) in the case of dilated convolutions [18], increasing the length of the longest paths between any two positions in the network. Convolutional layers are generally more expensive than recurrent layers, by a factor of k. Separable convolutions [6], however, decrease the complexity considerably, to O(k · n · d + n · d2). Even with k = n, however, the complexity of a separable convolution is equal to the combination of a self-attention layer and a point-wise feed-forward layer, the approach we take in our model. As side benefit, self-attention could yield more interpretable models. We inspect attention distributions from our models and present and discuss examples in the appendix. Not only do individual attention heads clearly learn to perform different tasks, many appear to exhibit behavior related to the syntactic and semantic structure of the sentences. 5 Training This section describes the training regime for our models. 5.1 Training Data and Batching We trained on the standard WMT 2014 English-German dataset consisting of about 4.5 million sentence pairs. Sentences were encoded using byte-pair encoding [3], which has a shared source- target vocabulary of about 37000 tokens. For English-French, we used the significantly larger WMT 2014 English-French dataset consisting of 36M sentences and split tokens into a 32000 word-piece vocabulary [38]. Sentence pairs were batched together by approximate sequence length. Each training batch contained a set of sentence pairs containing approximately 25000 source tokens and 25000 target tokens. 5.2 Hardware and Schedule We trained our models on one machine with 8 NVIDIA P100 GPUs.']","Positional encodings are vectors of the same dimension as the input embeddings that are added to the embeddings at the bottoms of the encoder and decoder stacks to inject information about the relative or absolute position of tokens in a sequence. They are needed because the Transformer model contains no recurrence or convolution, meaning it requires this added information to utilize the order of the sequence. In this work, these encodings are implemented using sine and cosine functions of different frequencies, though they can also be learned positional embeddings.

[Source: Attention Is All You Need, Page 6]",Positional encodings inject information about token order because the Transformer contains no recurrence or convolution.,,,,
How many attention heads are used in the base Transformer?,"['We used beam search as described in the previous section, but no checkpoint averaging. We present these results in Table 3. 0.0 5.77 24.6 0.2 4.95 25.5 (D) 0.0 4.67 25.3 0.2 5.47 25.7 (E) positional embedding instead of sinusoids 4.92 25.7 big 6 1024 4096 16 0.3 300K 4.33 26.4 213In Table 3 rows (A), we vary the number of attention heads and the attention key and value dimensions, keeping the amount of computation constant, as described in Section 3.2.2. While single-head attention is 0.9 BLEU worse than the best setting, quality also drops off with too many heads. In Table 3 rows (B), we observe that reducing the attention key size dk hurts model quality. This suggests that determining compatibility is not easy and that a more sophisticated compatibility function than dot product may be beneficial. We further observe in rows (C) and (D) that, as expected, bigger models are better, and dropout is very helpful in avoiding over-fitting. In row (E) we replace our sinusoidal positional encoding with learned positional embeddings [9], and observe nearly identical results to the base model. 6.3 English Constituency Parsing To evaluate if the Transformer can generalize to other tasks we performed experiments on English constituency parsing. This task presents specific challenges: the output is subject to strong structural constraints and is significantly longer than the input. Furthermore, RNN sequence-to-sequence models have not been able to attain state-of-the-art results in small-data regimes [37]. We trained a 4-layer transformer with dmodel = 1024 on the Wall Street Journal (WSJ) portion of the Penn Treebank [25], about 40K training sentences. We also trained it in a semi-supervised setting, using the larger high-confidence and BerkleyParser corpora from with approximately 17M sentences [37]. We used a vocabulary of 16K tokens for the WSJ only setting and a vocabulary of 32K tokens for the semi-supervised setting.', 'Figure 4: Two attention heads, also in layer 5 of 6, apparently involved in anaphora resolution. Top: Full attentions for head 5. Bottom: Isolated attentions from just the word ‘its’ for attention heads 5 and 6. Note that the attentions are very sharp for this word.', 'output values. These are concatenated and once again projected, resulting in the final values, as depicted in Figure 2. Multi-head attention allows the model to jointly attend to information from different representation subspaces at different positions. With a single attention head, averaging inhibits this. MultiHead(Q, K, V ) = Concat(head1, ..., headh)W O where headi = Attention(QWiQ , KW iK , V W iV ) Where the projections are parameter matrices W iQ ∈Rdmodel×dk, W iK ∈Rdmodel×dk, W iV ∈Rdmodel×dv and W O ∈Rhdv×dmodel. In this work we employ h = 8 parallel attention layers, or heads. For each of these we use dk = dv = dmodel/h = 64. Due to the reduced dimension of each head, the total computational cost is similar to that of single-head attention with full dimensionality. 3.2.3 Applications of Attention in our Model The Transformer uses multi-head attention in three different ways: • In ""encoder-decoder attention"" layers, the queries come from the previous decoder layer, and the memory keys and values come from the output of the encoder. This allows every position in the decoder to attend over all positions in the input sequence. This mimics the typical encoder-decoder attention mechanisms in sequence-to-sequence models such as [38, 2, 9]. • The encoder contains self-attention layers. In a self-attention layer all of the keys, values and queries come from the same place, in this case, the output of the previous layer in the encoder. Each position in the encoder can attend to all positions in the previous layer of the encoder. • Similarly, self-attention layers in the decoder allow each position in the decoder to attend to all positions in the decoder up to and including that position. We need to prevent leftward information flow in the decoder to preserve the auto-regressive property. We implement this inside of scaled dot-product attention by masking out (setting to −∞) all values in the input of the softmax which correspond to illegal connections. See Figure 2. 3.3 Position-wise Feed-Forward Networks In addition to attention sub-layers, each of the layers in our encoder and decoder contains a fully connected feed-forward network, which is applied to each position separately and identically.']","The Transformer model employs $h = 8$ parallel attention layers, or heads, for its multi-head attention mechanism. For each of these attention heads, the dimensions of the keys and values are set to $d_k = d_v = d_{model}/h = 64$. To facilitate residual connections, the sub-layers and embedding layers in the model produce outputs of dimension $d_{model} = 512$ [Source: Attention Is All You Need, Page 3, Page 5].",The base Transformer model uses 8 attention heads.,,,,
What feed-forward network is used inside Transformer layers?,"['3.3 Position-wise Feed-Forward Networks In addition to attention sub-layers, each of the layers in our encoder and decoder contains a fully connected feed-forward network, which is applied to each position separately and identically. This consists of two linear transformations with a ReLU activation in between. FFN(x) = max(0, xW1 + b1)W2 + b2 (2) While the linear transformations are the same across different positions, they use different parameters from layer to layer. Another way of describing this is as two convolutions with kernel size 1. The dimensionality of input and output is dmodel = 512, and the inner-layer has dimensionality dff = 2048. 3.4 Embeddings and Softmax Similarly to other sequence transduction models, we use learned embeddings to convert the input tokens and output tokens to vectors of dimension dmodel. We also use the usual learned linear transfor- mation and softmax function to convert the decoder output to predicted next-token probabilities. In our model, we share the same weight matrix between the two embedding layers and the pre-softmax linear transformation, similar to [30]. In the embedding layers, we multiply those weights by √dmodel.', 'Figure 1: The Transformer - model architecture. The Transformer follows this overall architecture using stacked self-attention and point-wise, fully connected layers for both the encoder and decoder, shown in the left and right halves of Figure 1, respectively. 3.1 Encoder and Decoder Stacks Encoder: The encoder is composed of a stack of N = 6 identical layers. Each layer has two sub-layers. The first is a multi-head self-attention mechanism, and the second is a simple, position- wise fully connected feed-forward network. We employ a residual connection [11] around each of the two sub-layers, followed by layer normalization [1]. That is, the output of each sub-layer is LayerNorm(x + Sublayer(x)), where Sublayer(x) is the function implemented by the sub-layer itself. To facilitate these residual connections, all sub-layers in the model, as well as the embedding layers, produce outputs of dimension dmodel = 512. Decoder: The decoder is also composed of a stack of N = 6 identical layers. In addition to the two sub-layers in each encoder layer, the decoder inserts a third sub-layer, which performs multi-head attention over the output of the encoder stack. Similar to the encoder, we employ residual connections around each of the sub-layers, followed by layer normalization. We also modify the self-attention sub-layer in the decoder stack to prevent positions from attending to subsequent positions. This masking, combined with fact that the output embeddings are offset by one position, ensures that the predictions for position i can depend only on the known outputs at positions less than i. 3.2 Attention An attention function can be described as mapping a query and a set of key-value pairs to an output, where the query, keys, values, and output are all vectors. The output is computed as a weighted sum', 'Table 4: The Transformer generalizes well to English constituency parsing (Results are on Section 23 of WSJ) Parser Training WSJ 23 F1 Vinyals & Kaiser el al. (2014) [37] WSJ only, discriminative 88.3 Petrov et al. (2006) [29] WSJ only, discriminative 90.4 Zhu et al. (2013) [40] WSJ only, discriminative 90.4 Dyer et al. (2016) [8] WSJ only, discriminative 91.7 Transformer (4 layers) WSJ only, discriminative 91.3 Zhu et al. (2013) [40] semi-supervised 91.3 Huang & Harper (2009) [14] semi-supervised 91.3 McClosky et al. (2006) [26] semi-supervised 92.1 Vinyals & Kaiser el al. (2014) [37] semi-supervised 92.1 Transformer (4 layers) semi-supervised 92.7 Luong et al. (2015) [23] multi-task 93.0 Dyer et al. (2016) [8] generative 93.3 increased the maximum output length to input length + 300. We used a beam size of 21 and α = 0.3 for both WSJ only and the semi-supervised setting. Our results in Table 4 show that despite the lack of task-specific tuning our model performs sur- prisingly well, yielding better results than all previously reported models with the exception of the Recurrent Neural Network Grammar [8]. In contrast to RNN sequence-to-sequence models [37], the Transformer outperforms the Berkeley- Parser [29] even when training only on the WSJ training set of 40K sentences. 7 Conclusion In this work, we presented the Transformer, the first sequence transduction model based entirely on attention, replacing the recurrent layers most commonly used in encoder-decoder architectures with multi-headed self-attention. For translation tasks, the Transformer can be trained significantly faster than architectures based on recurrent or convolutional layers. On both WMT 2014 English-to-German and WMT 2014 English-to-French translation tasks, we achieve a new state of the art.']","Each layer in the encoder and decoder of the Transformer contains a position-wise fully connected feed-forward network applied to each position separately and identically. This network consists of two linear transformations with a ReLU activation in between, which can also be described as two convolutions with a kernel size of 1. While these linear transformations are identical across different positions, they utilize different parameters from layer to layer. Finally, the dimensionality of the input and output is dmodel = 512, while the inner-layer has a dimensionality of dff = 2048.

[Source: Attention Is All You Need, Page 3; Source: Attention Is All You Need, Page 5]",The feed-forward network consists of two linear transformations with a ReLU activation between them.,,,,
What BLEU score did the Transformer achieve on WMT 2014 English-German translation?,"['Label Smoothing During training, we employed label smoothing of value ϵls = 0.1 [36]. This hurts perplexity, as the model learns to be more unsure, but improves accuracy and BLEU score. 6 Results 6.1 Machine Translation On the WMT 2014 English-to-German translation task, the big transformer model (Transformer (big) in Table 2) outperforms the best previously reported models (including ensembles) by more than 2.0 BLEU, establishing a new state-of-the-art BLEU score of 28.4. The configuration of this model is listed in the bottom line of Table 3. Training took 3.5 days on 8 P100 GPUs. Even our base model surpasses all previously published models and ensembles, at a fraction of the training cost of any of the competitive models. On the WMT 2014 English-to-French translation task, our big model achieves a BLEU score of 41.0, outperforming all of the previously published single models, at less than 1/4 the training cost of the previous state-of-the-art model. The Transformer (big) model trained for English-to-French used dropout rate Pdrop = 0.1, instead of 0.3. For the base models, we used a single model obtained by averaging the last 5 checkpoints, which were written at 10-minute intervals. For the big models, we averaged the last 20 checkpoints. We used beam search with a beam size of 4 and length penalty α = 0.6 [38]. These hyperparameters were chosen after experimentation on the development set. We set the maximum output length during inference to input length + 50, but terminate early when possible [38]. Table 2 summarizes our results and compares our translation quality and training costs to other model architectures from the literature. We estimate the number of floating point operations used to train a model by multiplying the training time, the number of GPUs used, and an estimate of the sustained single-precision floating-point capacity of each GPU 5.', 'Provided proper attribution is provided, Google hereby grants permission to reproduce the tables and figures in this paper solely for use in journalistic or scholarly works. Attention Is All You Need Ashish Vaswani∗ Google Brain avaswani@google.com Llion Jones∗ Google Research llion@google.com Noam Shazeer∗ Google Brain noam@google.com Niki Parmar∗ Google Research nikip@google.comJakob Uszkoreit∗ Google Research usz@google.com Aidan N. Gomez∗† University of Toronto aidan@cs.toronto.edu Łukasz Kaiser∗ Google Brain lukaszkaiser@google.com Illia Polosukhin∗‡ illia.polosukhin@gmail.com Abstract The dominant sequence transduction models are based on complex recurrent or convolutional neural networks that include an encoder and a decoder. The best performing models also connect the encoder and decoder through an attention mechanism. We propose a new simple network architecture, the Transformer, based solely on attention mechanisms, dispensing with recurrence and convolutions entirely. Experiments on two machine translation tasks show these models to be superior in quality while being more parallelizable and requiring significantly less time to train. Our model achieves 28.4 BLEU on the WMT 2014 English- to-German translation task, improving over the existing best results, including ensembles, by over 2 BLEU. On the WMT 2014 English-to-French translation task, our model establishes a new single-model state-of-the-art BLEU score of 41.8 after training for 3.5 days on eight GPUs, a small fraction of the training costs of the best models from the literature. We show that the Transformer generalizes well to other tasks by applying it successfully to English constituency parsing both with large and limited training data. ∗Equal contribution. Listing order is random. Jakob proposed replacing RNNs with self-attention and started the effort to evaluate this idea. Ashish, with Illia, designed and implemented the first Transformer models and has been crucially involved in every aspect of this work. Noam proposed scaled dot-product attention, multi-head attention and the parameter-free position representation and became the other person involved in nearly every detail. Niki designed, implemented, tuned and evaluated countless model variants in our original codebase and tensor2tensor.', 'On both WMT 2014 English-to-German and WMT 2014 English-to-French translation tasks, we achieve a new state of the art. In the former task our best model outperforms even all previously reported ensembles. We are excited about the future of attention-based models and plan to apply them to other tasks. We plan to extend the Transformer to problems involving input and output modalities other than text and to investigate local, restricted attention mechanisms to efficiently handle large inputs and outputs such as images, audio and video. Making generation less sequential is another research goals of ours. The code we used to train and evaluate our models is available at https://github.com/ tensorflow/tensor2tensor. Acknowledgements We are grateful to Nal Kalchbrenner and Stephan Gouws for their fruitful comments, corrections and inspiration. References [1] Jimmy Lei Ba, Jamie Ryan Kiros, and Geoffrey E Hinton. Layer normalization. arXiv preprint arXiv:1607.06450, 2016. [2] Dzmitry Bahdanau, Kyunghyun Cho, and Yoshua Bengio. Neural machine translation by jointly learning to align and translate. CoRR, abs/1409.0473, 2014. [3] Denny Britz, Anna Goldie, Minh-Thang Luong, and Quoc V. Le. Massive exploration of neural machine translation architectures. CoRR, abs/1703.03906, 2017. [4] Jianpeng Cheng, Li Dong, and Mirella Lapata. Long short-term memory-networks for machine reading. arXiv preprint arXiv:1601.06733, 2016.']","On the WMT 2014 English-to-German translation task, the Transformer (big) model achieved a state-of-the-art BLEU score of 28.4. This model improved upon the best previously reported results, including ensembles, by over 2.0 BLEU. Additionally, the base Transformer model achieved a BLEU score of 27.3, which also outperformed all previously published models and ensembles.

[Source: Attention Is All You Need, Page 1; Source: Attention Is All You Need, Page 8]",The Transformer achieved a BLEU score of 28.4 on the WMT 2014 English-German translation task.,,,,
What BLEU score did the Transformer achieve on WMT 2014 English-French translation?,"['Label Smoothing During training, we employed label smoothing of value ϵls = 0.1 [36]. This hurts perplexity, as the model learns to be more unsure, but improves accuracy and BLEU score. 6 Results 6.1 Machine Translation On the WMT 2014 English-to-German translation task, the big transformer model (Transformer (big) in Table 2) outperforms the best previously reported models (including ensembles) by more than 2.0 BLEU, establishing a new state-of-the-art BLEU score of 28.4. The configuration of this model is listed in the bottom line of Table 3. Training took 3.5 days on 8 P100 GPUs. Even our base model surpasses all previously published models and ensembles, at a fraction of the training cost of any of the competitive models. On the WMT 2014 English-to-French translation task, our big model achieves a BLEU score of 41.0, outperforming all of the previously published single models, at less than 1/4 the training cost of the previous state-of-the-art model. The Transformer (big) model trained for English-to-French used dropout rate Pdrop = 0.1, instead of 0.3. For the base models, we used a single model obtained by averaging the last 5 checkpoints, which were written at 10-minute intervals. For the big models, we averaged the last 20 checkpoints. We used beam search with a beam size of 4 and length penalty α = 0.6 [38]. These hyperparameters were chosen after experimentation on the development set. We set the maximum output length during inference to input length + 50, but terminate early when possible [38]. Table 2 summarizes our results and compares our translation quality and training costs to other model architectures from the literature. We estimate the number of floating point operations used to train a model by multiplying the training time, the number of GPUs used, and an estimate of the sustained single-precision floating-point capacity of each GPU 5.', 'Provided proper attribution is provided, Google hereby grants permission to reproduce the tables and figures in this paper solely for use in journalistic or scholarly works. Attention Is All You Need Ashish Vaswani∗ Google Brain avaswani@google.com Llion Jones∗ Google Research llion@google.com Noam Shazeer∗ Google Brain noam@google.com Niki Parmar∗ Google Research nikip@google.comJakob Uszkoreit∗ Google Research usz@google.com Aidan N. Gomez∗† University of Toronto aidan@cs.toronto.edu Łukasz Kaiser∗ Google Brain lukaszkaiser@google.com Illia Polosukhin∗‡ illia.polosukhin@gmail.com Abstract The dominant sequence transduction models are based on complex recurrent or convolutional neural networks that include an encoder and a decoder. The best performing models also connect the encoder and decoder through an attention mechanism. We propose a new simple network architecture, the Transformer, based solely on attention mechanisms, dispensing with recurrence and convolutions entirely. Experiments on two machine translation tasks show these models to be superior in quality while being more parallelizable and requiring significantly less time to train. Our model achieves 28.4 BLEU on the WMT 2014 English- to-German translation task, improving over the existing best results, including ensembles, by over 2 BLEU. On the WMT 2014 English-to-French translation task, our model establishes a new single-model state-of-the-art BLEU score of 41.8 after training for 3.5 days on eight GPUs, a small fraction of the training costs of the best models from the literature. We show that the Transformer generalizes well to other tasks by applying it successfully to English constituency parsing both with large and limited training data. ∗Equal contribution. Listing order is random. Jakob proposed replacing RNNs with self-attention and started the effort to evaluate this idea. Ashish, with Illia, designed and implemented the first Transformer models and has been crucially involved in every aspect of this work. Noam proposed scaled dot-product attention, multi-head attention and the parameter-free position representation and became the other person involved in nearly every detail. Niki designed, implemented, tuned and evaluated countless model variants in our original codebase and tensor2tensor.', 'On both WMT 2014 English-to-German and WMT 2014 English-to-French translation tasks, we achieve a new state of the art. In the former task our best model outperforms even all previously reported ensembles. We are excited about the future of attention-based models and plan to apply them to other tasks. We plan to extend the Transformer to problems involving input and output modalities other than text and to investigate local, restricted attention mechanisms to efficiently handle large inputs and outputs such as images, audio and video. Making generation less sequential is another research goals of ours. The code we used to train and evaluate our models is available at https://github.com/ tensorflow/tensor2tensor. Acknowledgements We are grateful to Nal Kalchbrenner and Stephan Gouws for their fruitful comments, corrections and inspiration. References [1] Jimmy Lei Ba, Jamie Ryan Kiros, and Geoffrey E Hinton. Layer normalization. arXiv preprint arXiv:1607.06450, 2016. [2] Dzmitry Bahdanau, Kyunghyun Cho, and Yoshua Bengio. Neural machine translation by jointly learning to align and translate. CoRR, abs/1409.0473, 2014. [3] Denny Britz, Anna Goldie, Minh-Thang Luong, and Quoc V. Le. Massive exploration of neural machine translation architectures. CoRR, abs/1703.03906, 2017. [4] Jianpeng Cheng, Li Dong, and Mirella Lapata. Long short-term memory-networks for machine reading. arXiv preprint arXiv:1601.06733, 2016.']","The Transformer base model achieved a BLEU score of 38.1 on the WMT 2014 English-to-French translation task. Meanwhile, the Transformer big model established a new single-model state-of-the-art BLEU score of 41.8 on this task, though it is also textually reported in the results section as achieving a BLEU score of 41.0. [Source: Attention Is All You Need, Page 1; Source: Attention Is All You Need, Page 8]",The Transformer achieved a BLEU score of 41.8 on the WMT 2014 English-French translation task.,,,,
What are the three applications of multi-head attention in the Transformer?,"['output values. These are concatenated and once again projected, resulting in the final values, as depicted in Figure 2. Multi-head attention allows the model to jointly attend to information from different representation subspaces at different positions. With a single attention head, averaging inhibits this. MultiHead(Q, K, V ) = Concat(head1, ..., headh)W O where headi = Attention(QWiQ , KW iK , V W iV ) Where the projections are parameter matrices W iQ ∈Rdmodel×dk, W iK ∈Rdmodel×dk, W iV ∈Rdmodel×dv and W O ∈Rhdv×dmodel. In this work we employ h = 8 parallel attention layers, or heads. For each of these we use dk = dv = dmodel/h = 64. Due to the reduced dimension of each head, the total computational cost is similar to that of single-head attention with full dimensionality. 3.2.3 Applications of Attention in our Model The Transformer uses multi-head attention in three different ways: • In ""encoder-decoder attention"" layers, the queries come from the previous decoder layer, and the memory keys and values come from the output of the encoder. This allows every position in the decoder to attend over all positions in the input sequence. This mimics the typical encoder-decoder attention mechanisms in sequence-to-sequence models such as [38, 2, 9]. • The encoder contains self-attention layers. In a self-attention layer all of the keys, values and queries come from the same place, in this case, the output of the previous layer in the encoder. Each position in the encoder can attend to all positions in the previous layer of the encoder. • Similarly, self-attention layers in the decoder allow each position in the decoder to attend to all positions in the decoder up to and including that position. We need to prevent leftward information flow in the decoder to preserve the auto-regressive property. We implement this inside of scaled dot-product attention by masking out (setting to −∞) all values in the input of the softmax which correspond to illegal connections. See Figure 2. 3.3 Position-wise Feed-Forward Networks In addition to attention sub-layers, each of the layers in our encoder and decoder contains a fully connected feed-forward network, which is applied to each position separately and identically.', 'Figure 1: The Transformer - model architecture. The Transformer follows this overall architecture using stacked self-attention and point-wise, fully connected layers for both the encoder and decoder, shown in the left and right halves of Figure 1, respectively. 3.1 Encoder and Decoder Stacks Encoder: The encoder is composed of a stack of N = 6 identical layers. Each layer has two sub-layers. The first is a multi-head self-attention mechanism, and the second is a simple, position- wise fully connected feed-forward network. We employ a residual connection [11] around each of the two sub-layers, followed by layer normalization [1]. That is, the output of each sub-layer is LayerNorm(x + Sublayer(x)), where Sublayer(x) is the function implemented by the sub-layer itself. To facilitate these residual connections, all sub-layers in the model, as well as the embedding layers, produce outputs of dimension dmodel = 512. Decoder: The decoder is also composed of a stack of N = 6 identical layers. In addition to the two sub-layers in each encoder layer, the decoder inserts a third sub-layer, which performs multi-head attention over the output of the encoder stack. Similar to the encoder, we employ residual connections around each of the sub-layers, followed by layer normalization. We also modify the self-attention sub-layer in the decoder stack to prevent positions from attending to subsequent positions. This masking, combined with fact that the output embeddings are offset by one position, ensures that the predictions for position i can depend only on the known outputs at positions less than i. 3.2 Attention An attention function can be described as mapping a query and a set of key-value pairs to an output, where the query, keys, values, and output are all vectors. The output is computed as a weighted sum', 'This makes it more difficult to learn dependencies between distant positions [12]. In the Transformer this is reduced to a constant number of operations, albeit at the cost of reduced effective resolution due to averaging attention-weighted positions, an effect we counteract with Multi-Head Attention as described in section 3.2. Self-attention, sometimes called intra-attention is an attention mechanism relating different positions of a single sequence in order to compute a representation of the sequence. Self-attention has been used successfully in a variety of tasks including reading comprehension, abstractive summarization, textual entailment and learning task-independent sentence representations [4, 27, 28, 22]. End-to-end memory networks are based on a recurrent attention mechanism instead of sequence- aligned recurrence and have been shown to perform well on simple-language question answering and language modeling tasks [34]. To the best of our knowledge, however, the Transformer is the first transduction model relying entirely on self-attention to compute representations of its input and output without using sequence- aligned RNNs or convolution. In the following sections, we will describe the Transformer, motivate self-attention and discuss its advantages over models such as [17, 18] and [9]. 3 Model Architecture Most competitive neural sequence transduction models have an encoder-decoder structure [5, 2, 35]. Here, the encoder maps an input sequence of symbol representations (x1, ..., xn) to a sequence of continuous representations z = (z1, ..., zn). Given z, the decoder then generates an output sequence (y1, ..., ym) of symbols one element at a time. At each step the model is auto-regressive [10], consuming the previously generated symbols as additional input when generating the next.']","The Transformer applies multi-head attention in three distinct ways. First, in ""encoder-decoder attention"" layers, the queries originate from the previous decoder layer, while the memory keys and values come from the output of the encoder. Second, the encoder contains self-attention layers where the keys, values, and queries all originate from the previous encoder layer's output. Third, self-attention layers within the decoder allow each position in the decoder to attend to all positions in the decoder up to and including that position. [Source: Attention Is All You Need, Page 5]","Multi-head attention is used for encoder self-attention, decoder self-attention, and encoder-decoder attention.",,,,
